"Player","DraftAge","season","mp_per_g","fg_per_g","fga_per_g","fg2_per_g","fg2a_per_g","fg3_per_g","fg3a_per_g","ft_per_g","fta_per_g","trb_per_g","ast_per_g","stl_per_g","blk_per_g","tov_per_g","pf_per_g","pts_per_g","fg_per_min","fga_per_min","fg2_per_min","fg2a_per_min","fg3_per_min","fg3a_per_min","ft_per_min","fta_per_min","trb_per_min","ast_per_min","stl_per_min","blk_per_min","tov_per_min","pf_per_min","pts_per_min","fg_per_poss","fga_per_poss","fg_pct","fg2_per_poss","fg2a_per_poss","fg2_pct","fg3_per_poss","fg3a_per_poss","fg3_pct","ft_per_poss","fta_per_poss","ft_pct","trb_per_poss","ast_per_poss","stl_per_poss","blk_per_poss","tov_per_poss","pf_per_poss","pts_per_poss","off_rtg","def_rtg","mp","per","ts_pct","efg_pct","fg3a_per_fga_pct","fta_per_fga_pct","pprod","orb_pct","drb_pct","trb_pct","ast_pct","stl_pct","blk_pct","tov_pct","usg_pct","ows","dws","ws","ws_per_40","obpm","dbpm","bpm","games"
"Markelle Fultz",19.0082191780822,"2016-17",34,8.1,16.3,6.3,12.2,1.8,4.1,4.1,6.1,5.9,6.4,1.7,1.3,3,2.4,22.1,8.64,19.2,6.75,14.4,1.89,4.9,4.32,7.2,6.21,6.75,1.8,1.35,3.15,2.52,26,12.8,25.7,0.498,10,19.2,0.519,2.8,6.5,0.435,6.4,9.7,0.663,9.2,10.1,2.6,2,4.7,3.8,34.9,122.1,105.5,510,29.5,0.575,0.553,0.253,0.376,348,4.5,14.4,9.6,36.1,2.6,3.5,13.5,30,2.3,0.6,2.9,0.224,7.7,1.3,9.1,15
"Lonzo Ball",19.4054794520548,"2016-17",35.3,5.1,9.6,2.6,4,2.4,5.6,2.2,3.3,5.6,8,1.6,1.1,2.3,1.8,14.7,5.13,10.9,2.7,4.5,2.43,6.3,2.25,3.7,5.76,8.19,1.62,1.08,2.34,1.8,16.7,7.5,14.3,0.528,4,6,0.662,3.6,8.3,0.432,3.2,4.9,0.661,8.4,11.9,2.4,1.6,3.4,2.6,21.9,133.3,98,600,24,0.659,0.653,0.583,0.344,295,2.7,12.7,8.4,31.9,2.4,2.6,17.1,17.8,2.4,1.1,3.5,0.232,8.3,2.4,10.7,17
"Dennis Smith",19.4850456621005,"2016-17",33.3,6.2,13.4,4.4,8.9,1.8,4.6,4.9,6.6,4.2,6.4,2.2,0.3,3.3,2.1,19.1,6.66,16.2,4.77,10.7,1.89,5.5,5.31,7.9,4.5,6.93,2.34,0.36,3.6,2.25,22.9,10,21.7,0.46,7.2,14.3,0.5,2.8,7.4,0.384,8,10.6,0.752,6.8,10.4,3.5,0.5,5.3,3.3,30.8,115,100.1,532,24.8,0.576,0.526,0.34,0.488,324,1.6,10.9,6.7,36.1,3.5,0.9,16.7,28.3,1.7,0.9,2.6,0.196,6.3,1.3,7.6,16
"Josh Jackson",20.30399543379,"2016-17",27.7,6.1,11.9,5.5,9.7,0.6,2.1,2.5,4.5,6.6,3.1,1.5,1.5,2.3,3,15.3,7.92,17.1,7.2,14,0.81,3.1,3.24,6.5,8.55,4.05,1.98,1.89,2.97,3.87,22.1,12.3,23.7,0.517,11.1,19.5,0.568,1.2,4.3,0.281,4.9,9.1,0.544,13.2,6.3,3.1,2.9,4.5,6,30.7,113.9,92.5,416,26.2,0.547,0.542,0.18,0.382,236,10.5,15.1,12.9,19.7,3.1,5.3,13.9,27.7,1.3,1,2.2,0.215,5.6,5.9,11.5,15
"Jayson Tatum",19.2464611872146,"2016-17",29.4,5.6,12.6,4.6,9,1,3.6,4.8,5.5,7.1,2.4,2.3,1.9,2.6,2.5,17,6.93,17.2,5.67,12.3,1.26,4.9,5.85,7.5,8.73,2.88,2.79,2.34,3.24,3.06,23.1,10.7,23.9,0.446,8.8,17.1,0.514,1.9,6.9,0.276,9,10.4,0.864,13.5,4.5,4.3,3.6,5,4.7,32.2,112.9,81.7,235,27.8,0.558,0.485,0.287,0.436,132,6.4,19.8,13.4,14.8,4.3,6.1,14.7,29.2,0.7,0.8,1.5,0.253,3.6,7.5,11.2,8
"Malik Monk",19.3204337899543,"2016-17",28.9,7.9,15.5,4.7,7.7,3.3,7.9,2.8,3.3,2.5,2.1,1.2,0.3,1.7,2.1,21.9,9.9,21.5,5.85,10.6,4.05,10.9,3.51,4.6,3.06,2.61,1.53,0.36,2.16,2.61,30.4,14.2,27.7,0.511,8.3,13.7,0.609,5.8,14,0.415,5,5.9,0.84,4.4,3.7,2.1,0.5,3.1,3.7,39.1,129.1,96.8,433,27,0.641,0.616,0.506,0.215,270,1.9,6.8,4.4,12.4,2.1,0.9,9.2,28.1,2,0.8,2.8,0.259,9.9,0.9,10.8,15
"Jonathan Isaac",19.3397260273973,"2016-17",25.1,4.2,8.1,3,4.8,1.2,3.2,2.8,3.5,7.4,0.9,1.2,1.2,1.8,1.8,12.2,5.94,12.9,4.32,7.7,1.62,5.2,3.96,5.6,10.62,1.35,1.8,1.8,2.52,2.61,19.5,9,17.5,0.514,6.5,10.5,0.619,2.5,7,0.357,6,7.7,0.783,16,2,2.7,2.7,3.8,4,26.5,120.9,88.5,326,24.6,0.627,0.586,0.4,0.438,150,9,22.3,16.3,6.1,2.7,5.1,15.3,21.6,1,0.9,1.9,0.227,4.5,4.9,9.4,13
"Lauri Markkanen",20.027397260274,"2016-17",31.1,5,10.1,2.9,5.5,2.1,4.6,3.8,4.5,7.4,1.2,0.3,0.5,1.1,2.1,15.9,5.76,13,3.33,7,2.43,6,4.32,5.7,8.55,1.44,0.36,0.63,1.26,2.34,20.4,9.5,19.3,0.494,5.5,10.4,0.527,4,8.9,0.456,7.2,8.5,0.842,14,2.4,0.6,1,2,3.9,30.3,136.4,92.3,529,25.2,0.649,0.599,0.459,0.442,247,8.4,18.2,13.8,8.2,0.6,1.8,8,22.1,2.3,1.3,3.6,0.273,8.6,2.1,10.6,17
"OG Anunoby",19.1260273972603,"2015-16",13.7,1.9,3.4,1.6,2.6,0.4,0.9,0.6,1.2,2.6,0.5,0.8,0.8,0.8,1.5,4.9,5.13,10,4.05,7.5,0.99,2.5,1.53,3.6,6.93,1.35,2.07,1.98,2.16,4.05,14.2,8.2,14.4,0.569,6.6,10.8,0.609,1.6,3.6,0.448,2.5,5.2,0.476,11.2,2.2,3.4,3.2,3.5,6.5,20.5,116.9,97.6,466,20.1,0.607,0.625,0.25,0.362,162,11.4,11.7,11.6,6.6,3.4,5.6,17.1,17.5,1,0.9,1.9,0.159,4,5.4,9.4,34
"OG Anunoby",19.1260273972603,"2016-17",26,4.5,7.5,3.5,4.5,1.1,3.1,1.8,3.3,6,1.5,1,1.5,1.7,2.2,11.9,6.3,11.6,4.77,6.9,1.53,4.7,2.43,5.1,8.28,1.98,1.35,1.98,2.34,3.06,18.3,9.9,16.4,0.602,7.5,9.7,0.776,2.3,6.7,0.35,3.9,7.2,0.535,13.1,3.2,2.2,3.2,3.7,4.9,26,125,94.9,338,24.3,0.654,0.673,0.408,0.439,142,9.2,16,12.9,10.2,2.2,5.6,15.7,19.8,1.1,0.7,1.8,0.21,6.1,4.4,10.5,13
"DeAaron Fox",19.5535388127854,"2016-17",30.5,5.7,12.7,5.5,10.6,0.3,2.1,4.6,6.3,5.1,6.7,1.8,0.2,2.4,2,16.3,6.75,16.6,6.48,13.9,0.27,2.7,5.4,8.2,5.94,7.92,2.16,0.27,2.79,2.34,21.4,9.7,21.4,0.453,9.2,17.9,0.516,0.4,3.5,0.129,7.8,10.6,0.734,8.5,11.4,3,0.3,4,3.4,27.6,117,91.3,458,23.4,0.522,0.463,0.163,0.495,270,2,14.9,8.5,33.2,3,0.6,13.3,25.4,1.5,1.1,2.6,0.227,4.8,4.6,9.4,15
"Harry Giles",19.1095890410959,"2016-17",12.8,2.4,5.8,2.4,5.8,0,0,0.6,1,5.4,0.6,0.2,0.2,0.4,2.4,5.4,6.75,18.1,6.75,18.1,0,0,1.71,3.1,15.21,1.71,0.54,0.54,1.17,6.75,16.9,10.4,25.2,0.414,10.4,25.2,0.414,0,0,NA,2.6,4.4,0.6,23.5,2.6,0.9,0.9,1.7,10.4,23.5,111.8,90,64,19.8,0.43,0.414,0,0.172,32,23.6,23.1,23.4,8.5,0.9,1.5,6,25,0.2,0.2,0.3,0.204,0.6,0.8,1.4,5
"Miles Bridges",19.1972602739726,"2016-17",30.4,5.7,12.2,4.2,7.9,1.5,4.3,1.4,2.6,8.2,2,0.5,1.5,3.2,2,14.3,6.75,16.1,4.95,10.4,1.8,5.7,1.62,3.4,9.72,2.34,0.63,1.8,3.78,2.34,18.8,10.8,23.1,0.467,7.9,14.9,0.532,2.8,8.1,0.349,2.6,4.9,0.538,15.5,3.8,0.9,2.8,6.1,3.8,27,92.8,94.1,304,17,0.532,0.529,0.352,0.213,128,6.5,22.2,15.1,14.2,0.9,4.9,19.2,27.8,0.1,0.7,0.7,0.096,0.3,4.4,4.7,10
"Ivan Rabb",20.3204337899543,"2015-16",28.7,4.7,7.7,4.7,7.6,0,0.1,3,4.5,8.5,0.9,0.5,1.2,1.5,3.1,12.5,5.94,10.7,5.94,10.7,0,0.1,3.78,6.3,10.71,1.17,0.63,1.53,1.89,3.87,17.5,9.7,15.7,0.615,9.6,15.6,0.615,0.1,0.1,0.5,6.2,9.3,0.669,17.4,1.9,1.1,2.5,3.1,6.3,25.6,124.8,95.3,975,24.2,0.636,0.616,0.008,0.588,413,11.3,21.3,16.5,6.6,1.1,4.1,13.4,20,3.1,2,5.1,0.21,3.9,4.8,8.7,34
"Ivan Rabb",20.3204337899543,"2016-17",31.5,5.6,10.1,5.3,9.6,0.3,0.5,4,6.3,10.8,1.9,0.6,1.1,2.5,3.6,15.4,6.39,12.8,6.03,12.2,0.36,0.6,4.59,8,12.33,2.16,0.72,1.35,2.88,4.05,19.6,10.4,18.8,0.553,9.9,17.9,0.552,0.5,0.9,0.571,7.5,11.7,0.636,20.1,3.5,1.2,2.1,4.7,6.7,28.8,112.6,86.2,441,24.2,0.591,0.567,0.05,0.624,207,8.8,28.3,18.9,13.4,1.2,3.7,16.1,25,1.1,1.3,2.4,0.219,2.2,5.8,8,14
"Thomas Bryant",19.1643835616438,"2015-16",22.6,4.5,6.6,4.3,6.1,0.1,0.4,2.7,3.9,5.8,1,0.5,0.9,1.7,2.8,11.9,7.11,11.6,6.93,10.9,0.27,0.8,4.41,6.9,9.18,1.53,0.81,1.44,2.61,4.5,21,11.5,16.8,0.683,11.1,15.7,0.707,0.4,1.1,0.333,7,10,0.706,14.8,2.5,1.2,2.3,4.2,7.2,30.4,130,100.3,791,26.6,0.704,0.693,0.065,0.591,380,11.2,19,15.3,8.1,1.2,4.1,16.4,22.1,3.1,1.3,4.4,0.223,5.9,2.8,8.7,35
"Thomas Bryant",19.1643835616438,"2016-17",26.9,3.8,6.9,3,5.3,0.8,1.6,3.9,5.3,7.2,1.5,1,1.6,1.8,2.6,12.2,5.04,10.2,4.05,7.9,0.99,2.3,5.31,7.9,9.63,1.98,1.35,2.16,2.43,3.42,18.1,7.9,14.5,0.545,6.3,11.2,0.565,1.6,3.3,0.48,8.3,11.2,0.741,15.2,3.2,2.1,3.4,3.8,5.4,25.7,129,93.6,430,25,0.648,0.6,0.227,0.773,192,10.4,18.7,15,9.5,2.1,6,16.2,19.9,1.5,1,2.5,0.233,5.2,5,10.2,16
"Bam Adebayo",19.1287671232877,"2016-17",26.5,4.8,8.3,4.8,8.3,0,0,3.5,5.9,7.3,0.9,0.6,1.8,1.3,2.3,13.1,6.57,12.5,6.57,12.5,0,0,4.68,8.9,9.99,1.26,0.81,2.43,1.8,3.15,19.7,9.3,16.1,0.581,9.3,16.1,0.581,0,0,NA,6.7,11.4,0.591,14.3,1.8,1.2,3.5,2.6,4.5,25.4,124.8,92.5,397,23.9,0.591,0.581,0,0.71,193,13.1,15.1,14.1,5.3,1.2,6.5,10.8,20.1,1.3,0.9,2.2,0.224,4.2,5.8,10,15
"Ike Anigbogu",18.3753424657534,"2016-17",13.6,2.3,3.4,2.3,3.4,0,0,0.6,1.3,3.8,0.3,0.2,1.8,1,3,5.1,5.94,10.1,5.94,10.1,0,0,1.53,3.9,9.9,0.9,0.45,4.68,2.61,7.92,15,8.7,13.2,0.659,8.7,13.2,0.659,0,0,NA,2.3,5.2,0.438,14.5,1.3,0.6,6.8,3.9,11.6,19.7,110.6,94.3,163,18.1,0.628,0.659,0,0.39,58,12.1,16.4,14.5,3.6,0.6,11.3,19.8,17.4,0.3,0.4,0.6,0.151,0.5,5,5.5,12
"Tyler Lydon",21.1452054794521,"2015-16",30.3,3.4,7.2,2.1,3.9,1.3,3.3,1.9,2.5,6.3,1.1,1.1,1.8,1.3,2.7,10.1,4.05,9.4,2.52,5.1,1.53,4.3,2.34,3.3,7.47,1.35,1.35,2.16,1.53,3.24,13.4,7,14.5,0.479,4.3,7.9,0.542,2.7,6.6,0.405,4,5.1,0.774,12.8,2.2,2.3,3.7,2.6,5.5,20.6,120.8,96.7,1122,20.2,0.606,0.572,0.457,0.351,351,6.6,16.5,11.6,7.6,2.3,7,13.2,16.6,2.5,2.2,4.7,0.168,3.3,6.4,9.7,37
"Tyler Lydon",21.1452054794521,"2016-17",32.4,4.5,9.4,2.8,5.7,1.7,3.8,2.8,3.6,7.8,1.9,0.9,1.3,1.4,2.2,13.5,4.95,11.6,3.15,7,1.89,4.6,3.15,4.5,8.64,2.07,1.08,1.35,1.62,2.43,16.6,8.1,17,0.477,5.1,10.2,0.495,3,6.7,0.45,5.1,6.5,0.776,13.9,3.4,1.7,2.2,2.6,3.9,24.3,124.2,95.2,519,21.7,0.605,0.566,0.397,0.384,202,7,17.9,12.8,10.9,1.7,4.7,11.4,19.3,1.5,1.1,2.6,0.201,4.7,3.7,8.4,16
"Robert Williams",19.3780821917808,"2016-17",20.7,4.4,7.1,4.4,6.9,0,0.2,1.6,2.1,5.6,1.2,0.5,2.5,1.6,1.6,10.3,7.56,13.7,7.56,13.2,0,0.4,2.7,4.1,9.81,2.07,0.9,4.32,2.7,2.7,19.9,12.6,20.5,0.616,12.6,19.8,0.635,0,0.6,0,4.5,6.2,0.733,16.3,3.5,1.4,7.2,4.5,4.5,29.8,119.9,96.7,290,30.1,0.636,0.616,0.03,0.303,131,12.6,17.1,14.9,12.4,1.4,13.1,16.3,23.1,0.9,0.6,1.5,0.203,3.6,7.3,10.9,14
"Tony Bradley",19.3944063926941,"2016-17",15.6,2.9,5.2,2.9,5.2,0,0,2.6,4.1,5.8,0.7,0.3,0.7,0.8,1.7,8.4,6.66,13.4,6.66,13.4,0,0,5.94,10.4,13.41,1.62,0.72,1.62,1.8,3.96,21.4,9.7,17.7,0.551,9.7,17.7,0.551,0,0,NA,8.7,13.7,0.638,19.7,2.4,1,2.4,2.6,5.8,28.2,131.3,91.8,266,28,0.583,0.551,0,0.775,148,22.2,16.5,19.3,7.4,1,4.7,9.6,22,1.2,0.6,1.8,0.27,6.3,4.1,10.4,17
"Jarrett Allen",19.1123287671233,"2016-17",29.6,4.4,7.9,4.4,7.7,0,0.2,1.9,3.5,7.7,1,0.3,1.5,2.8,2.1,10.7,5.31,10.6,5.31,10.4,0,0.3,2.34,4.8,9.36,1.26,0.45,1.8,3.42,2.61,14.5,8.5,15.3,0.559,8.5,14.9,0.574,0,0.4,0,3.8,6.9,0.547,14.9,1.9,0.6,2.8,5.4,4.1,20.8,98.9,97.3,444,16.6,0.562,0.559,0.025,0.449,162,10.5,17.7,14.2,7.1,0.6,5.2,22.7,20.8,0.3,0.8,1.2,0.107,-1,4.1,3.1,15
"Edmond Sumner",21.5836757990868,"2014-15",7.2,0.3,1.7,0.3,1.2,0,0.5,0.7,1,0.8,1,0.3,0,0.8,1.5,1.3,1.71,9.3,1.71,6.5,0,2.8,3.33,5.6,4.23,5.04,1.71,0,4.23,7.56,7.4,2.8,14.2,0.2,2.8,9.9,0.286,0,4.3,0,5.7,8.5,0.667,7.1,8.5,2.8,0,7.1,12.8,11.3,71.7,102.3,43,1.8,0.311,0.2,0.3,0.6,12,6,8.3,7.2,23.7,2.8,0,28,22.1,-0.1,0.1,0,-0.031,-4.6,1.5,-3.2,6
"Edmond Sumner",21.5836757990868,"2015-16",25.9,3.3,8.3,2.5,5.6,0.8,2.7,3.6,5,3.4,3.6,1.3,0.2,2.1,2.3,11,4.59,12.8,3.42,8.7,1.08,4.1,5.04,7.7,4.77,5.04,1.71,0.27,2.88,3.24,17,7,17.7,0.397,5.3,12,0.443,1.7,5.7,0.301,7.7,10.6,0.727,7.3,7.7,2.7,0.4,4.5,5,23.5,107.6,98.4,802,16.6,0.516,0.446,0.323,0.599,357,2.3,11.7,7.1,25.2,2.7,0.9,16.4,23.2,1.4,1.4,2.9,0.142,3.1,3.3,6.4,31
"Edmond Sumner",21.5836757990868,"2016-17",33.7,5.2,10.2,4.6,8.1,0.6,2.1,4.7,6.5,4.5,4.9,1.5,0.8,3,2.3,15.7,5.58,12.1,4.95,9.6,0.63,2.5,4.95,7.7,4.86,5.22,1.62,0.81,3.24,2.52,18.6,8.9,17.4,0.51,7.8,13.9,0.566,1,3.5,0.29,8,11,0.722,7.7,8.4,2.6,1.4,5.1,4,26.7,114.3,95,506,21.7,0.59,0.539,0.203,0.634,240,1.6,13.4,7.6,28.1,2.6,2.8,18.4,23.8,1.4,1.1,2.4,0.192,4.5,4,8.5,15
"Josh Hart",22.2382420091324,"2013-14",21.4,2.6,5.1,1.8,2.7,0.8,2.4,1.9,2.8,4.4,0.9,0.6,0.3,0.6,2.4,7.8,4.32,9.6,3.06,5,1.26,4.6,3.24,5.3,7.47,1.44,0.9,0.45,0.9,4.14,14.6,7.1,14.1,0.5,5,7.4,0.67,2.1,6.7,0.313,5.3,7.8,0.677,12.3,2.4,1.5,0.7,1.5,6.7,21.5,131.6,99.4,728,18.6,0.603,0.575,0.477,0.552,263,10.2,13.7,12,8.1,1.5,1.4,8,16.7,2.2,1.3,3.5,0.193,5.2,2.7,7.9,34
"Josh Hart",22.2382420091324,"2014-15",25.5,3.4,6.7,2,3.6,1.4,3.1,1.8,2.7,4.5,1.5,1.1,0.4,1.1,2.1,10.1,4.86,10.5,2.79,5.6,2.07,4.9,2.52,4.2,6.3,2.07,1.53,0.54,1.53,2.97,15.9,8.3,16.2,0.515,4.8,8.7,0.558,3.5,7.5,0.464,4.4,6.5,0.67,10.8,3.6,2.7,0.9,2.6,5.1,24.5,128.8,94.5,917,22.2,0.636,0.622,0.465,0.402,350,9,12.1,10.6,11.6,2.7,1.7,11.7,18.9,3.2,1.9,5,0.219,7.5,4.1,11.6,36
"Josh Hart",22.2382420091324,"2015-16",31.4,5.8,11.2,4.4,7.4,1.4,3.9,2.6,3.4,6.8,1.9,1.2,0.3,1.7,2.2,15.5,6.57,14.3,5.04,9.4,1.62,4.9,2.97,4.4,7.74,2.25,1.35,0.27,1.89,2.52,19.7,10.9,21.2,0.513,8.3,13.9,0.595,2.6,7.3,0.357,4.9,6.5,0.752,12.8,3.6,2.2,0.5,3.1,4.1,29.3,120,94.3,1255,23.4,0.602,0.575,0.344,0.306,585,7.6,17.2,12.8,12.4,2.2,0.9,11.4,24.3,4,2.7,6.7,0.214,6.2,3.8,10,40
"Josh Hart",22.2382420091324,"2016-17",33.5,6.9,12.5,4.9,7.6,1.9,4.9,4.1,5.1,6.8,3.7,1.3,0.2,1.5,2.3,19.8,7.38,14.9,5.31,9,2.07,5.9,4.41,6,7.29,3.96,1.35,0.18,1.62,2.52,23.6,12.4,22.6,0.55,8.9,13.7,0.653,3.5,8.9,0.392,7.3,9.1,0.802,12.2,6.7,2.3,0.3,2.7,4.2,35.7,138.2,96.2,536,31.7,0.663,0.628,0.395,0.405,313,6.2,18.3,12.8,23,2.3,0.6,9.1,26.5,3.1,1.1,4.2,0.313,11,3.3,14.3,16
"Alec Peters",22.1342465753425,"2013-14",29.6,4.5,9.2,2.9,4.9,1.7,4.4,2,2.6,4.8,1.4,0.9,0.1,1.9,2.2,12.7,5.49,12.5,3.51,6.6,2.07,5.9,2.43,3.5,5.85,1.71,1.08,0.18,2.34,2.7,17.2,9.2,18.8,0.49,5.8,9.9,0.588,3.4,8.9,0.383,4.1,5.3,0.773,9.8,2.9,1.7,0.3,3.9,4.5,26,114.4,102.6,1006,17.9,0.608,0.581,0.475,0.28,389,4.4,14.1,9.8,11.1,1.7,0.5,15.4,22,2.2,1.5,3.6,0.145,2.4,-0.7,1.8,34
"Alec Peters",22.1342465753425,"2014-15",30.6,5.7,11.7,3.3,6.5,2.4,5.2,2.9,3.4,6.7,1.2,0.7,0.3,1.4,2,16.8,6.75,15.4,3.87,8.5,2.88,6.9,3.33,4.5,7.83,1.44,0.81,0.36,1.71,2.34,21.9,11.8,24.1,0.489,6.8,13.3,0.507,5,10.7,0.466,5.9,7.1,0.829,13.7,2.5,1.4,0.7,3,4,34.4,128.4,94.2,1039,27.1,0.627,0.593,0.446,0.293,501,7.5,17.8,12.9,9.5,1.4,1.3,9.7,25.7,4.6,2.1,6.7,0.257,6.6,-0.1,6.5,34
"Alec Peters",22.1342465753425,"2015-16",32.1,6,11.9,3.6,6.4,2.5,5.6,3.8,4.5,8.4,1.3,0.7,0.3,1.7,2.1,18.4,6.75,14.9,4.05,7.9,2.79,7,4.32,5.6,9.45,1.53,0.81,0.36,1.89,2.34,22.9,11,21.7,0.505,6.5,11.5,0.562,4.5,10.2,0.44,7,8.2,0.85,15.3,2.4,1.3,0.5,3.1,3.8,33.4,131.5,92.4,1186,27.2,0.651,0.607,0.468,0.378,605,8.8,19.5,14.3,9,1.3,1,10.8,24.3,5.1,2.8,7.9,0.268,6.8,1.7,8.5,37
"Alec Peters",22.1342465753425,"2016-17",36.8,7.8,17.3,6,11.7,1.8,5.6,6.9,7.6,10.4,2.1,0.9,0.6,2.9,2.2,24.2,7.56,18.7,5.85,12.7,1.71,6,6.75,8.2,10.17,1.98,0.9,0.54,2.79,2.16,26.3,11.7,26,0.449,9,17.6,0.513,2.6,8.4,0.315,10.4,11.4,0.917,15.7,3.1,1.3,0.8,4.3,3.3,36.4,119.4,99.1,589,27.3,0.58,0.5,0.322,0.438,367,10.5,20.9,15.8,13.7,1.3,1.6,12.1,30.7,2.3,1,3.3,0.227,5.9,0.2,6,16
"Jaron Blossomgame",23.2931506849315,"2013-14",23.5,1.9,4.8,1.6,3.2,0.3,1.5,0.8,1.4,5,0.4,0.3,0.4,0.8,1.5,4.9,2.88,8.1,2.43,5.5,0.45,2.6,1.26,2.4,7.65,0.63,0.45,0.63,1.17,2.34,8.4,5.4,13.6,0.395,4.5,9.2,0.486,0.9,4.3,0.2,2.4,4.1,0.596,14.2,1.1,0.8,1.1,2.2,4.3,14,99.2,97.4,774,10.9,0.452,0.427,0.318,0.299,167,8.4,16.5,12.6,3.6,0.8,1.8,12.2,14.9,0.4,1.5,1.9,0.098,-1.2,2.5,1.2,33
"Jaron Blossomgame",23.2931506849315,"2014-15",30.9,4.6,9.5,4.1,7.6,0.5,1.9,3.3,4.6,8.2,1,0.8,0.4,1.7,1.5,13.1,5.4,12.4,4.77,9.9,0.63,2.5,3.87,6,9.54,1.17,0.9,0.45,2.07,1.71,17,9.6,19.7,0.486,8.4,15.8,0.536,1.1,3.9,0.288,6.8,9.6,0.708,16.8,2,1.6,0.7,3.6,3,27.1,112.9,96.9,958,22.5,0.558,0.515,0.199,0.486,383,9.2,21,15.1,7.8,1.6,1.3,12.9,23.5,2.4,1.7,4.1,0.172,3.1,1.9,5,31
"Jaron Blossomgame",23.2931506849315,"2015-16",34.2,6.5,12.6,5,9.4,1.5,3.3,4.3,5.5,6.7,1.5,0.7,1.3,1.8,2,18.7,6.84,14.8,5.31,10.9,1.53,3.8,4.5,6.4,7.02,1.62,0.81,1.35,1.89,2.16,21.9,11.9,23.2,0.513,9.2,17.2,0.538,2.7,6,0.441,7.9,10.1,0.782,12.3,2.8,1.4,2.4,3.3,3.7,34.4,122.4,100.8,1060,27.1,0.613,0.57,0.26,0.434,520,6.2,16.6,11.4,10.7,1.4,4.2,10.4,26.9,4,1.7,5.6,0.212,6.2,2.6,8.8,31
"Jaron Blossomgame",23.2931506849315,"2016-17",33.4,6.7,13.5,6.3,10.6,0.5,2.9,3.9,5.7,6,1.7,0.9,1.1,1.5,1.7,17.9,7.29,16.2,6.75,12.7,0.54,3.5,4.23,6.8,6.48,1.89,0.99,1.26,1.62,1.89,21.4,11.8,23.7,0.498,11,18.5,0.591,0.8,5.1,0.159,6.9,9.9,0.694,10.5,3,1.6,2,2.7,3,31.2,117.2,99,501,24,0.551,0.515,0.217,0.419,249,6.3,13.5,10,11.1,1.6,3.6,8.6,26.5,1.6,0.9,2.4,0.194,3.8,2.3,6.1,15
"TJ Leaf",20.0876712328767,"2016-17",30.7,7.2,11.1,6.2,9,1,2.1,1.9,3.1,9.1,2.9,0.8,1.3,1.5,2.4,17.4,8.46,14.4,7.29,11.7,1.17,2.7,2.25,4,10.71,3.42,0.99,1.53,1.71,2.79,22.6,12.4,19,0.654,10.7,15.4,0.693,1.7,3.5,0.486,3.2,5.2,0.615,15.6,4.9,1.4,2.2,2.5,4.1,29.8,137.1,96,522,28.9,0.693,0.699,0.186,0.277,279,10.4,19.6,15.6,15.2,1.4,3.7,10.5,21.3,2.4,1.1,3.4,0.263,8.7,3,11.7,17
"Donovan Mitchell",20.2684931506849,"2015-16",19.1,2.7,6.1,2.1,3.8,0.6,2.3,1.4,1.8,3.4,1.7,0.8,0.1,1,2.5,7.4,5.13,12.9,4.05,8,1.08,4.9,2.61,3.9,6.3,3.15,1.53,0.18,1.8,4.77,15.5,8.6,19.4,0.442,6.7,12,0.559,1.8,7.3,0.25,4.4,5.8,0.754,10.6,5.3,2.5,0.3,3.1,7.9,23.3,116,93.3,591,18.2,0.527,0.489,0.379,0.3,233,6.6,13.5,10.1,15.8,2.5,0.6,12.1,20.9,1.4,1.3,2.8,0.187,4.4,3.6,8,31
"Donovan Mitchell",20.2684931506849,"2016-17",30.3,4.5,12.1,2.5,5.9,2,6.1,2.4,3.1,4.9,2.4,2.2,0.7,1.8,1.8,13.4,5.31,15.9,2.97,7.8,2.34,8.1,2.79,4,5.85,2.88,2.61,0.81,2.07,2.16,17.6,8.6,23.1,0.373,4.8,11.3,0.421,3.8,11.7,0.327,4.5,5.9,0.776,9.4,4.7,4.2,1.3,3.3,3.5,25.6,108.1,84.8,485,19.6,0.495,0.456,0.508,0.254,203,3.9,13.1,8.5,15.6,4.2,2.4,11.5,24.3,0.9,1.5,2.4,0.198,4.6,6.3,10.9,16
"Justin Patton",19.0356164383562,"2016-17",25.9,6.3,8.5,6,8,0.3,0.5,1.3,2.7,6.5,1.3,1.1,1.6,1.2,2.4,14.3,8.82,13.1,8.37,12.4,0.45,0.8,1.8,4.2,9,1.71,1.44,2.25,1.62,3.42,22,13.3,18,0.743,12.7,16.9,0.75,0.7,1.1,0.625,2.8,5.7,0.488,13.7,2.6,2.2,3.4,2.5,5.1,30.1,134.8,93.3,414,29.8,0.729,0.761,0.059,0.316,197,7.3,19.9,14.2,8.3,2.2,6.2,10.8,20.8,1.7,0.9,2.6,0.254,7.1,5.9,12.9,16
"Johnathan Motley",22.0767123287671,"2014-15",21.5,2.9,7.1,2.9,6.6,0.1,0.4,1.8,2.8,4.2,0.7,0.4,1.4,1.6,2.9,7.7,4.95,13.2,4.77,12.3,0.18,0.8,2.97,5.3,7.02,1.17,0.72,2.25,2.7,4.77,14.4,8.7,20.9,0.417,8.5,19.6,0.431,0.3,1.3,0.2,5.2,8.4,0.625,12.5,2,1.2,4,4.8,8.5,22.9,97.1,97.5,730,14.6,0.46,0.423,0.063,0.4,257,12,10.5,11.3,6.9,1.2,7.3,16.1,24.1,0.6,1.3,1.9,0.101,-1,4.7,3.7,34
"Johnathan Motley",22.0767123287671,"2015-16",20.9,4.5,7.3,4.5,7.3,0,0.1,2.1,3.4,5.1,0.9,0.5,1.1,1.5,3,11.1,7.74,14,7.74,13.9,0,0.1,3.6,6.6,8.82,1.53,0.9,1.98,2.52,5.13,21.2,12.7,20.7,0.614,12.7,20.6,0.619,0,0.2,0,5.9,9.7,0.607,14.5,2.5,1.5,3.2,4.2,8.5,31.4,118.9,102,711,25.4,0.619,0.614,0.008,0.47,332,13,16.7,14.8,9.1,1.5,6.3,14.1,24.6,2.2,1,3.2,0.18,5.1,3.5,8.6,34
"Johnathan Motley",22.0767123287671,"2016-17",29.2,6.1,11.4,5.6,10.3,0.4,1.1,3.2,4.8,9.4,2.1,0.3,1.1,2.6,2.9,15.8,7.47,15.6,6.93,14.1,0.54,1.5,3.96,6.6,11.52,2.61,0.36,1.35,3.15,3.6,21.6,12.7,23.7,0.535,11.8,21.4,0.549,0.9,2.2,0.4,6.7,10,0.672,19.5,4.5,0.6,2.2,5.4,6.1,32.9,114.5,87.1,409,25.4,0.579,0.553,0.094,0.421,214,13.4,22.9,18.6,15.2,0.6,4,15.9,28.6,1.3,1.2,2.5,0.24,3.7,4.9,8.6,14
"Luke Kennard",20.0630136986301,"2015-16",26.7,3.9,9.3,2.4,4.5,1.5,4.8,2.4,2.8,3.6,1.5,0.9,0.2,0.8,1.9,11.8,5.31,14,3.24,6.8,2.07,7.2,3.33,4.1,4.86,2.07,1.26,0.18,1.08,2.61,17.7,8.6,20.5,0.42,5.2,9.9,0.528,3.3,10.5,0.318,5.4,6,0.889,7.9,3.3,2.1,0.4,1.7,4.2,25.9,123.1,108,961,19.5,0.555,0.501,0.515,0.295,401,4.1,10.7,7.4,10.8,2.1,0.6,6.8,21.4,2.9,0.9,3.7,0.156,5.6,0.7,6.3,36
"Luke Kennard",20.0630136986301,"2016-17",34.9,6.9,12.9,4.4,7.4,2.5,5.5,4,4.6,5.8,2.4,1,0.4,1.5,1.9,20.3,7.11,14.8,4.5,8.5,2.61,6.3,4.14,5.3,6.03,2.52,0.99,0.36,1.53,1.98,23.2,11,20.7,0.531,7,11.9,0.588,4,8.8,0.455,6.4,7.4,0.865,9.3,3.9,1.6,0.6,2.4,3.1,32.3,138,93,558,26.9,0.669,0.628,0.425,0.357,294,4.2,13.8,9.2,12.9,1.6,1,9,22.9,2.7,1.3,4,0.285,9.2,2.1,11.4,16
"Omer Yurtseven",18.0493150684932,"2016-17",22.4,3.3,6.4,3.1,6.3,0.1,0.1,1.1,1.7,5.4,1.3,0.1,0.4,1.6,3.7,7.9,5.31,11.5,5.04,11.2,0.27,0.3,1.8,3.1,8.73,2.07,0.27,0.72,2.52,5.94,14,7.9,15.4,0.511,7.5,15,0.5,0.3,0.3,1,2.7,4.1,0.667,13,3.1,0.3,1,3.8,8.9,18.8,103.2,102.9,157,12.4,0.542,0.522,0.022,0.267,55,6.8,17.8,12.9,10,0.3,1.8,17.8,18.6,0.2,0.2,0.4,0.097,-1.1,0.5,-0.6,7
"Marques Bolden",19.1232876712329,"2016-17",7.6,1,2.3,1,2.3,0,0,0.4,0.8,1.6,0.1,0.1,0.3,0.9,1.4,2.4,4.68,11.8,4.68,11.8,0,0,1.8,3.9,7.65,0.63,0.63,1.17,4.14,6.48,12.5,7.3,16.4,0.444,7.3,16.4,0.444,0,0,NA,2.7,5.5,0.5,11.9,0.9,0.9,1.8,6.4,10,17.3,85,93.9,61,7.4,0.456,0.444,0,0.333,21,13.3,10.4,11.8,2.7,0.9,3.1,25.1,21.9,0,0.1,0.1,0.063,-4.7,1.4,-3.2,8
"Grayson Allen",21.3534246575342,"2014-15",9.2,1.3,3,0.8,1.5,0.5,1.5,1.3,1.5,1,0.4,0.3,0.1,0.4,1.2,4.4,5.04,13.2,3.06,6.7,1.98,6.5,5.04,6.6,3.87,1.53,1.08,0.54,1.71,4.68,19,8.5,20,0.425,5.1,10.2,0.5,3.4,9.8,0.346,8.5,10,0.849,6.6,2.6,1.9,0.9,2.8,7.9,28.8,122.2,100.3,322,19.3,0.583,0.509,0.491,0.5,138,3.5,8.9,6.4,7.8,1.9,1.5,10.3,23.5,1.1,0.5,1.5,0.192,5.1,0.5,5.6,35
"Grayson Allen",21.3534246575342,"2015-16",36.6,6.6,14.3,4.1,8.3,2.5,6,5.9,7,4.6,3.5,1.3,0.1,2,2.7,21.6,6.57,15.6,4.05,9,2.43,6.6,5.76,7.7,4.5,3.51,1.26,0.18,1.98,2.7,23.7,10.6,22.8,0.466,6.6,13.2,0.502,4,9.6,0.417,9.4,11.2,0.837,7.3,5.6,2.1,0.2,3.2,4.4,34.6,128.5,107.6,1317,26.1,0.616,0.554,0.421,0.491,733,2,11.7,6.9,19.4,2.1,0.3,10.2,26.8,5.9,1.2,7.2,0.217,9,0.7,9.7,36
"Grayson Allen",21.3534246575342,"2016-17",31.4,4.6,11.4,2.2,4.5,2.4,6.9,4.1,5.1,4.6,4.2,1.1,0.1,1.9,2,15.6,5.22,14.5,2.52,5.7,2.7,8.7,4.77,6.6,5.22,4.86,1.35,0.09,2.16,2.34,20,8.1,20.2,0.403,3.9,8,0.492,4.2,12.2,0.344,7.4,9.1,0.806,8.1,7.5,2,0.1,3.3,3.6,27.8,122.5,92.6,439,21.5,0.567,0.506,0.604,0.453,223,2.1,13.5,8.1,22.7,2,0.2,11.9,23.9,1.5,1,2.6,0.234,6.7,1.9,8.5,14
"Jawun Evans",20.1506849315068,"2015-16",28.9,4.4,9.4,3.5,7.5,0.9,1.8,3.2,3.8,4.4,4.9,1.1,0.2,2.5,2.5,12.9,5.49,13,4.41,10.5,1.08,2.5,3.96,5.3,5.4,6.12,1.44,0.27,3.15,3.06,17.8,9.4,20,0.471,7.6,16.1,0.47,1.8,3.9,0.475,6.8,8.1,0.833,9.3,10.5,2.4,0.4,5.4,5.2,27.4,111.8,101.6,635,22,0.575,0.517,0.194,0.408,301,1.9,14.8,8.7,41.9,2.4,0.7,18.5,25.5,1.6,0.9,2.6,0.162,5.3,2.2,7.5,22
"Jawun Evans",20.1506849315068,"2016-17",26.6,6.3,13.9,5.1,11.6,1.2,2.4,5.1,6.6,3,5.1,2.1,0.2,2.9,2.5,18.9,8.55,21,6.84,17.4,1.62,3.5,6.84,9.9,4.05,6.84,2.88,0.27,3.87,3.42,28.4,12.3,27.3,0.451,9.9,22.6,0.438,2.4,4.6,0.515,9.9,12.9,0.772,5.9,9.9,4.2,0.4,5.6,4.9,36.9,118.9,100.5,372,28,0.553,0.495,0.169,0.472,271,3.8,8.8,6.1,38.7,4.2,0.8,14.4,32.4,1.6,0.6,2.2,0.235,7.4,1.2,8.6,14
"John Collins",19.3123287671233,"2015-16",14.4,2.6,4.8,2.6,4.8,0,0,2.1,3,3.9,0.2,0.3,0.7,1,2.6,7.3,6.57,13.3,6.57,13.3,0,0,5.22,8.4,9.81,0.54,0.72,1.89,2.52,6.66,20.4,10.1,18.5,0.547,10.1,18.5,0.547,0,0,NA,8.1,11.7,0.691,15.2,0.9,1.1,2.9,3.9,10.2,28.3,114.6,108.5,446,21.8,0.589,0.547,0,0.635,210,12.7,16.7,14.7,3.5,1.1,5,13.9,23.9,1.1,0.4,1.5,0.135,0.8,0.7,1.5,31
"John Collins",19.3123287671233,"2016-17",24.6,6.1,10.4,6.1,10.4,0,0.1,4.1,5.9,9.3,0.4,0.6,1.6,1.7,2.9,16.4,9,17,9,16.9,0,0.1,6.03,9.7,13.59,0.63,0.9,2.34,2.43,4.23,26.7,14,23.9,0.587,14,23.8,0.59,0,0.1,0,9.5,13.6,0.695,21.2,1,1.4,3.7,3.9,6.6,37.5,123,97.9,393,32.7,0.618,0.587,0.006,0.569,239,16.5,25.7,21.3,4,1.4,7.4,11.3,29.6,1.7,0.7,2.4,0.245,4,1.8,5.8,16
"Wesley Iwundu",22.5535388127854,"2013-14",23.6,2.2,4.7,1.9,4.2,0.2,0.5,2.2,3.4,4.2,1.8,0.6,0.4,1.3,2.2,6.7,3.24,7.9,2.97,7,0.36,0.9,3.24,5.7,6.39,2.79,0.9,0.54,1.98,3.24,11.3,5.6,12,0.461,5,10.7,0.467,0.5,1.3,0.412,5.6,8.8,0.634,10.9,4.8,1.5,0.9,3.3,5.6,17.2,108.6,100.4,780,13.9,0.531,0.484,0.11,0.727,232,6.3,14.2,10.2,15.4,1.5,1.7,16.9,16.4,1,1.3,2.3,0.119,0.5,4.4,4.9,33
"Wesley Iwundu",22.5535388127854,"2014-15",25.2,2,5,1.8,4.4,0.2,0.6,1.5,2.5,3.5,2,0.7,0.6,2,2.1,5.8,2.88,8,2.61,7,0.27,1,2.16,4.1,4.95,2.79,1.08,0.9,2.88,2.97,9.2,5.1,12.7,0.404,4.6,11.1,0.416,0.5,1.5,0.316,3.8,6.4,0.595,8.8,5,1.9,1.6,5,5.3,14.6,88.1,102.2,780,9.9,0.462,0.423,0.122,0.506,196,5.6,12.3,9,17.1,1.9,3,24.3,17.8,-0.1,1,0.9,0.045,-1.3,4,2.8,31
"Wesley Iwundu",22.5535388127854,"2015-16",32.4,4.2,8.9,4.1,8,0.2,0.9,3.3,4.7,4.5,3.7,1.3,0.2,2.9,2.4,11.9,4.68,11,4.5,9.8,0.18,1.1,3.6,5.8,5.04,4.14,1.44,0.27,3.24,2.61,14.7,7.8,16.2,0.478,7.4,14.6,0.51,0.3,1.7,0.2,6,8.6,0.697,8.3,6.8,2.4,0.4,5.3,4.3,21.8,103.7,101.2,1070,16,0.537,0.488,0.102,0.529,407,4.1,12.6,8.2,24.6,2.4,0.9,20.6,21.4,1.4,1.6,3,0.112,1.7,3.5,5.2,33
"Wesley Iwundu",22.5535388127854,"2016-17",28.8,4.3,8.8,3.4,6.4,0.9,2.4,3.1,4.1,5.3,3.3,1.2,0.3,2.1,1.4,12.5,5.31,12.2,4.23,8.9,1.08,3.3,3.96,5.6,6.66,4.05,1.53,0.36,2.61,1.71,17.4,8.7,18,0.485,6.9,13.1,0.531,1.8,4.9,0.361,6.4,8.3,0.77,10.9,6.7,2.4,0.5,4.2,2.9,25.6,115.5,90.2,432,21,0.584,0.534,0.273,0.462,190,3.8,17.2,10.9,21.6,2.4,1,16.1,22.7,1.1,1.1,2.2,0.208,3.5,2.7,6.2,15
"Devonte Graham",22.2711187214612,"2014-15",17.8,1.6,4,1,2.7,0.6,1.4,1.9,2.6,1.5,2.1,0.9,0,1.1,1.5,5.7,3.24,9.1,1.98,6,1.17,3.1,3.87,5.9,2.97,4.23,1.71,0,2.34,3.06,12.7,5.3,13.6,0.393,3.4,8.9,0.377,2,4.6,0.425,6.4,8.8,0.724,5,7.1,2.9,0,3.8,5.1,19,109.7,100.6,517,14.7,0.536,0.466,0.342,0.65,174,1.8,7.1,4.6,23,2.9,0,17.7,18.3,0.9,0.7,1.7,0.128,3.6,1.7,5.4,29
"Devonte Graham",22.2711187214612,"2015-16",32.6,3.8,8.2,1.8,3.8,2,4.5,1.8,2.4,3.3,3.7,1.4,0.1,1.7,2.1,11.3,4.23,10.1,1.98,4.6,2.16,5.5,1.98,2.9,3.69,4.05,1.62,0.18,1.89,2.34,13.9,6.7,14.5,0.46,3.2,6.6,0.483,3.5,7.9,0.441,3.1,4.2,0.744,5.9,6.5,2.5,0.2,3,3.8,19.9,120.7,98.6,1238,16.8,0.604,0.58,0.543,0.288,436,1.3,9.9,5.9,19.1,2.5,0.4,15.2,16.9,2.9,2.2,5.1,0.164,6.2,3.7,9.9,38
"Devonte Graham",22.2711187214612,"2016-17",33.5,4.7,10.1,2.3,4,2.3,6.1,1.3,1.7,2.9,4.6,1.5,0.3,1.6,2,13,5.04,12.1,2.52,4.8,2.52,7.3,1.44,2.1,3.06,4.95,1.62,0.27,1.71,2.16,15.5,7.7,16.8,0.461,3.9,6.6,0.583,3.9,10.2,0.38,2.2,2.9,0.769,4.8,7.6,2.5,0.4,2.7,3.3,21.6,126,100.1,502,18.6,0.593,0.576,0.605,0.171,202,2.1,7,4.6,21,2.5,0.8,12.7,17.7,1.5,0.8,2.3,0.184,7.3,1.5,8.9,15
"Justin Jackson",22.1780821917808,"2014-15",26.7,4.1,8.7,3.4,6.2,0.7,2.4,1.7,2.4,3.7,2.3,0.5,0.5,1.4,1.4,10.7,5.58,13,4.59,9.3,0.99,3.6,2.34,3.7,4.95,3.15,0.72,0.63,1.89,1.98,16.1,9,18.8,0.477,7.4,13.5,0.544,1.6,5.2,0.304,3.8,5.3,0.71,7.9,5,1.1,1.1,3,3.1,23.3,116.4,104.6,1014,17.8,0.547,0.52,0.28,0.283,393,6,8.9,7.5,15.4,1.1,2,12.2,20.2,2.5,1.1,3.6,0.141,5.3,2.4,7.7,38
"Justin Jackson",22.1780821917808,"2015-16",28.4,4.9,10.4,4,7.4,0.9,3,1.6,2.4,3.9,2.8,0.6,0.4,1.1,1.7,12.2,6.12,14.7,5.04,10.4,1.08,4.2,2.07,3.4,4.95,3.51,0.81,0.54,1.35,2.16,17.2,9.7,20.9,0.466,8,14.8,0.537,1.8,6,0.292,3.2,4.8,0.667,7.8,5.6,1.3,0.9,2.2,3.5,24.4,120.7,106,1135,18.9,0.528,0.508,0.288,0.231,485,7.2,7.9,7.6,16.3,1.3,1.6,8.5,21,3.2,1.2,4.4,0.156,5.9,2.3,8.2,40
"Justin Jackson",22.1780821917808,"2016-17",30.5,6.3,13.6,3.9,7.4,2.4,6.2,2.6,3.4,4.7,2.9,0.6,0,1.5,1.4,17.6,7.47,17.8,4.59,9.7,2.88,8.2,3.15,4.5,5.58,3.42,0.72,0,1.8,1.62,23.2,10.9,23.6,0.463,6.7,12.8,0.528,4.2,10.8,0.387,4.6,5.9,0.776,8.2,5,1.1,0,2.7,2.3,30.6,127,95.8,518,21.3,0.58,0.552,0.459,0.251,268,2.8,13,8,16.2,1.1,0,9.1,23.9,1.9,1.1,3,0.231,6.9,1.6,8.5,17
"Sviatoslav Mykhailiuk",19.0246575342466,"2014-15",11.2,1,3.3,0.4,1.3,0.6,2,0.2,0.2,1.2,0.7,0.3,0,0.6,0.7,2.8,3.24,11.7,1.35,4.5,1.89,7.1,0.63,0.8,3.87,2.07,0.99,0.09,1.89,2.07,9.9,5.4,17.5,0.306,2.3,6.8,0.333,3.1,10.7,0.288,1,1.2,0.833,6.4,3.5,1.6,0.2,3.1,3.5,14.8,88.7,102.8,291,7.2,0.41,0.394,0.612,0.071,72,3.3,8.3,5.9,11.4,1.6,0.4,14.6,18,0,0.4,0.3,0.045,0.5,1,1.5,26
"Sviatoslav Mykhailiuk",19.0246575342466,"2015-16",12.8,1.9,4.3,0.9,1.6,1.1,2.6,0.5,0.7,1.3,0.9,0.3,0.1,0.7,1.2,5.4,5.4,13.3,2.43,5.1,2.97,8.2,1.35,2.2,3.78,2.61,0.99,0.36,2.07,3.33,16.7,8.6,19,0.45,3.8,7.3,0.526,4.7,11.7,0.402,2.2,3.2,0.68,6,4.1,1.5,0.6,3.3,5.4,24,113.4,101,449,15.7,0.584,0.574,0.617,0.168,173,3.3,8.3,6,12.7,1.5,1.2,13.9,20.8,0.9,0.7,1.6,0.144,4.8,1.5,6.4,35
"Sviatoslav Mykhailiuk",19.0246575342466,"2016-17",26.1,3.9,8.5,1.7,3.6,2.2,4.9,0.7,1.1,3,1.5,1,0.2,1.1,2.1,10.7,5.4,13,2.43,5.5,3.06,7.5,0.9,1.7,4.14,2.16,1.35,0.27,1.53,2.97,16.5,8.4,18,0.465,3.7,7.7,0.481,4.7,10.4,0.452,1.4,2.4,0.588,6.4,3.3,2.1,0.4,2.4,4.5,22.9,120.6,100.4,391,16.6,0.596,0.594,0.575,0.134,145,4.1,8.2,6.2,9.1,2.1,0.8,11.2,18.3,0.9,0.6,1.6,0.161,6.3,1.3,7.6,15
"Monte Morris",21.0712328767123,"2013-14",28.1,2.1,5,1.4,3.1,0.8,1.9,1.7,2,2.6,3.7,1.3,0.2,0.8,1.7,6.8,2.7,7.1,1.71,4.3,0.99,2.7,2.16,2.8,3.24,4.77,1.62,0.27,0.99,2.16,9.6,4.2,9.9,0.43,2.7,6.1,0.445,1.5,3.8,0.406,3.4,4,0.847,5.1,7.4,2.5,0.4,1.5,3.4,13.4,128,104.9,1013,14.5,0.57,0.508,0.385,0.402,287,2,7.6,4.9,20.4,2.5,0.7,11.6,11.6,2.1,1.3,3.4,0.134,3.6,2.9,6.6,36
"Monte Morris",21.0712328767123,"2014-15",33.9,4.6,9,3.6,6.6,0.9,2.4,1.9,2.5,3.4,5.2,1.9,0.4,1.1,1.3,11.9,4.86,10.6,3.87,7.8,0.99,2.8,1.98,2.9,3.69,5.49,1.98,0.45,1.17,1.44,14.1,7.7,15.2,0.507,6.1,11.2,0.547,1.6,4,0.395,3.2,4.2,0.753,5.8,8.7,3.2,0.7,1.9,2.2,20.2,128.4,100.1,1153,21.5,0.586,0.559,0.265,0.278,449,2.5,8.6,5.7,27.4,3.2,1.3,9.9,16.9,3.7,1.7,5.5,0.189,6.7,3.1,9.8,34
"Monte Morris",21.0712328767123,"2015-16",38,5.4,11,4.3,8,1.1,3,2,2.7,3.9,6.9,1.8,0.3,1.6,1.6,13.8,5.04,11.6,4.05,8.4,0.99,3.2,1.89,2.9,3.69,6.48,1.71,0.27,1.53,1.53,14.5,7.9,16.2,0.487,6.3,11.8,0.536,1.6,4.5,0.358,2.9,4,0.729,5.8,10.1,2.6,0.4,2.4,2.3,20.3,123.8,106,1331,20.4,0.561,0.536,0.275,0.249,576,2.4,8.9,5.9,28.9,2.6,0.7,11.7,18.4,4,1.4,5.5,0.165,5.8,1.6,7.5,35
"Monte Morris",21.0712328767123,"2016-17",32.4,5.9,12.6,4.4,8.7,1.4,3.9,1.8,2.4,5.1,5.7,1,0.1,1.1,1.4,14.9,6.48,15.5,4.95,10.8,1.62,4.8,1.98,2.9,5.67,6.39,1.08,0.18,1.26,1.53,18.5,10,21.5,0.466,7.6,14.9,0.508,2.4,6.6,0.37,3.1,4,0.758,8.7,9.8,1.7,0.2,2,2.3,25.5,124.1,91.4,453,23,0.545,0.523,0.307,0.188,225,3.1,12.6,7.9,30.4,1.7,0.5,7.7,21.7,1.6,1.1,2.7,0.239,5.9,3.7,9.6,14
"Mikal Bridges",20.2465753424658,"2015-16",20.3,2.2,4.1,1.6,2.2,0.6,1.9,1.5,1.9,3.2,0.9,1.1,0.7,0.6,2.2,6.4,3.78,8.1,2.79,4.3,0.99,3.8,2.61,3.7,5.67,1.53,1.89,1.17,1.08,3.96,12.5,6.3,12.1,0.521,4.6,6.4,0.716,1.7,5.6,0.299,4.3,5.5,0.787,9.4,2.6,3.1,1.9,1.8,6.5,18.6,128.7,92.8,813,18.4,0.633,0.591,0.467,0.455,247,5.7,12.5,9.3,7.5,3.1,3.6,10.7,14.5,2,1.9,3.9,0.193,5.2,6.3,11.5,40
"Mikal Bridges",20.2465753424658,"2016-17",29.4,3.5,5.9,2.3,3.1,1.2,2.9,1.5,1.7,4.9,2.4,1.6,0.6,0.9,2.3,9.7,4.32,8.1,2.79,4.2,1.44,3.9,1.8,2.3,6.03,2.88,1.89,0.72,1.08,2.79,13.2,7.2,12.2,0.589,4.8,6.3,0.755,2.4,5.9,0.413,3.1,3.5,0.889,10.1,4.9,3.2,1.2,1.8,4.8,19.9,145.3,94.3,471,22.4,0.719,0.689,0.484,0.284,159,5.3,15.1,10.6,14.3,3.2,2.2,11.5,14,1.7,1,2.8,0.235,8,5.6,13.7,16
"Zach Collins",19.3835616438356,"2016-17",16.7,3.5,4.9,3.3,4.3,0.1,0.5,3,4.1,5.2,0.7,0.6,1.1,1.7,2.3,10.1,7.47,11.6,7.2,10.4,0.27,1.3,6.48,9.9,11.16,1.44,1.26,2.43,3.69,5.04,24.1,11.4,16,0.712,11,14.3,0.769,0.4,1.8,0.25,9.9,13.6,0.726,17.1,2.2,2,3.7,5.7,7.7,33.2,127.1,85.6,251,30.6,0.737,0.726,0.11,0.849,139,12.8,19,16.3,7.1,2,6.2,20.2,24.5,1.1,0.8,1.8,0.288,5.4,5.5,10.9,15
"Dwayne Bacon",21.2465753424658,"2015-16",28.8,5.8,13,4.9,9.6,0.9,3.4,3.2,4.5,5.8,1.5,1,0,2.2,2.1,15.8,7.2,18,6.03,13.4,1.17,4.7,4.05,6.3,7.2,1.8,1.17,0,2.7,2.7,21.9,11.2,25.1,0.447,9.4,18.6,0.505,1.8,6.5,0.281,6.3,8.8,0.714,11.2,2.8,1.9,0.1,4.2,4.2,30.5,105.2,104.7,979,19,0.521,0.483,0.259,0.349,496,5.4,17.4,11.5,10.4,1.9,0.1,12.6,28.8,1.7,1.2,2.9,0.119,1.7,0.1,1.9,34
"Dwayne Bacon",21.2465753424658,"2016-17",27.1,6.4,13.3,4.8,8.9,1.6,4.4,3.7,4.8,3.9,1.6,1.2,0.1,1.6,1.3,18.1,8.46,19.5,6.3,13.1,2.16,6.5,4.86,7.1,5.22,2.07,1.62,0.18,2.07,1.71,26.6,12.7,26.5,0.481,9.5,17.7,0.535,3.2,8.7,0.371,7.4,9.6,0.766,7.9,3.1,2.4,0.2,3.1,2.6,36.1,121.4,97.5,434,25.7,0.581,0.542,0.33,0.363,261,5.6,10,8,10.8,2.4,0.5,9.1,29.6,1.7,0.8,2.5,0.232,5.6,0.3,5.9,16
"PJ Dozier",20.4,"2015-16",19,2.7,7,2.4,5.6,0.3,1.4,1.1,2,3,2.1,1,0.4,2.6,2.4,6.7,5.04,14.8,4.5,11.9,0.54,2.9,2.07,4.2,5.58,3.87,1.89,0.72,5.04,4.59,14.2,7.9,20.7,0.381,7,16.6,0.422,0.9,4.1,0.213,3.2,5.9,0.544,8.7,6.1,2.9,1.1,7.8,7.2,19.8,80,96.2,647,8.4,0.422,0.402,0.197,0.285,241,4.5,12.2,8.4,21.5,2.9,2.4,24.9,26.2,-0.9,1.3,0.4,0.023,-4.1,3.6,-0.5,34
"PJ Dozier",20.4,"2016-17",27.5,5.9,13,4.1,8.9,1.7,4.1,1.9,2.7,4.9,3.1,2.3,0.2,2,2.8,15.4,7.65,18.9,5.4,12.9,2.25,6,2.52,3.9,6.39,4.14,2.97,0.27,2.61,3.69,22.4,12.5,27.8,0.451,8.8,19,0.466,3.7,8.8,0.419,4.1,5.7,0.725,10.4,6.7,4.8,0.4,4.3,6,32.9,111.7,82.9,413,25,0.54,0.518,0.318,0.205,217,3.5,16.7,10.1,26.3,4.8,0.9,12.3,29.3,1.1,1.3,2.5,0.24,5.9,5.6,11.5,15
"Devin Robinson",22.235502283105,"2014-15",19,2.4,5.9,1.7,3.4,0.6,2.5,1.1,1.7,2.8,0.7,0.5,0.4,0.9,1.7,6.4,4.5,12.4,3.24,7.1,1.17,5.2,1.98,3.5,5.31,1.35,0.99,0.72,1.8,3.24,13.5,7.9,19.7,0.402,5.8,11.4,0.509,2.1,8.3,0.256,3.6,5.6,0.636,9.3,2.3,1.7,1.3,3.1,5.8,21.5,98,97.4,628,13.2,0.482,0.456,0.423,0.284,197,5.2,13.1,9.1,8.1,1.7,2.4,12.3,21.9,0.5,1.1,1.6,0.101,0.6,2.8,3.5,33
"Devin Robinson",22.235502283105,"2015-16",23.1,3.2,6.9,2.2,4,1,2.9,1.6,2.1,5.6,0.5,0.5,0.6,0.8,2.4,9,4.95,12,3.33,6.9,1.53,5.1,2.52,3.7,8.73,0.72,0.81,0.9,1.26,3.78,15.5,7.8,17.1,0.456,5.3,9.9,0.542,2.5,7.3,0.34,4,5.3,0.766,13.8,1.2,1.2,1.4,2,6,22.1,118.2,98.3,833,17.9,0.564,0.528,0.424,0.308,297,7.5,17.6,12.5,4,1.2,2.5,9.2,18.2,1.8,1.5,3.3,0.16,2.7,3,5.7,36
"Devin Robinson",22.235502283105,"2016-17",24.7,4.1,7.8,3.3,5.4,0.8,2.4,3,3.7,5.3,0.7,1,0.6,1,2.1,12.1,6.03,12.6,4.86,8.7,1.17,3.9,4.41,6,7.65,0.99,1.44,0.9,1.44,3.15,19.5,9.6,18.1,0.53,7.7,12.5,0.617,1.9,5.6,0.333,7,8.7,0.804,12.2,1.5,2.3,1.4,2.3,4.9,28,130.8,95.3,371,24.6,0.63,0.581,0.308,0.479,165,7.3,17.3,12.2,5.3,2.3,2.5,9.5,20.9,1.4,0.8,2.2,0.233,5.9,3.7,9.7,15
"Cameron Oliver",20.1095890410959,"2015-16",29.4,5.3,10.4,4.7,8.8,0.5,1.6,2.3,3.5,9.1,0.8,0.6,2.6,2.1,3.1,13.4,6.48,14.1,5.76,11.9,0.63,2.2,2.88,4.8,11.07,0.99,0.72,3.15,2.52,3.78,18.2,9.9,19.5,0.506,8.9,16.5,0.539,1,3,0.328,4.4,6.6,0.664,17,1.5,1.1,4.9,3.9,5.7,25.1,107.1,93.7,1118,22,0.555,0.532,0.154,0.339,480,9.8,21.8,16,6,1.1,9,14.7,22.9,1.9,2.5,4.3,0.155,-0.8,4.5,3.7,38
"Cameron Oliver",20.1095890410959,"2016-17",30.5,5.1,11.4,3.2,6.6,1.9,4.8,2.8,4.5,7.5,2.1,0.5,3.1,2.3,3,14.9,6.03,14.9,3.78,8.6,2.25,6.3,3.33,5.9,8.91,2.52,0.63,3.6,2.7,3.51,19.6,9.5,21,0.451,6,12.2,0.491,3.5,8.8,0.395,5.2,8.4,0.623,13.9,3.9,1,5.7,4.3,5.6,27.7,106.6,95.9,518,21.6,0.553,0.534,0.42,0.399,234,4.9,21,13.2,14.4,1,9.2,14.5,25.4,0.9,1.1,2,0.153,1.7,4.5,6.2,17
"VJ Beachem",22.3752283105023,"2013-14",8.4,0.9,2.7,0.4,1.1,0.4,1.6,0.3,0.4,0.7,0.3,0.2,0.1,0.3,0.5,2.4,3.6,12.6,1.89,5.3,1.71,7.4,1.08,1.8,2.97,1.08,0.81,0.36,1.08,2.25,11.2,6.3,19.7,0.319,3.3,8.2,0.4,3,11.5,0.262,1.9,2.7,0.7,5.2,1.9,1.4,0.5,1.9,3.8,17.5,92.4,114.2,228,7.6,0.417,0.396,0.583,0.139,60,3.7,6.5,5.1,5.7,1.4,1,8.4,19.7,0,0.1,0.1,0.017,-1.4,-2.2,-3.6,27
"VJ Beachem",22.3752283105023,"2014-15",14.6,2,4.4,0.7,1.3,1.3,3.1,0.7,0.9,1.4,0.5,0.2,0.2,0.5,0.8,5.9,4.95,12,1.8,3.6,3.15,8.4,1.62,2.4,3.51,1.08,0.63,0.63,1.35,2.07,16.2,8.6,18.8,0.455,3.1,5.7,0.545,5.5,13.1,0.416,2.9,3.8,0.759,6.1,1.9,1,1,2.3,3.6,25.5,118.5,107.5,483,17.5,0.617,0.6,0.697,0.2,167,2.9,8.7,6.1,5.7,1,1.7,10.2,20.4,1.2,0.4,1.6,0.133,5.5,-1.6,3.9,33
"VJ Beachem",22.3752283105023,"2015-16",31.3,4.4,9.3,2,3.8,2.4,5.5,0.8,1.3,3.9,0.8,0.8,0.8,0.9,1.7,12,5.04,11.9,2.25,4.8,2.79,7,0.9,1.7,4.41,0.9,0.9,0.99,0.99,1.89,15.4,8.7,18.3,0.476,3.9,7.4,0.522,4.8,10.8,0.444,1.5,2.6,0.574,7.6,1.5,1.6,1.6,1.7,3.3,23.7,122.4,110.8,1126,18.1,0.608,0.608,0.593,0.141,365,2.9,11.1,7.2,4.7,1.6,2.7,8,18.3,2.7,0.7,3.4,0.122,5.7,1.1,6.9,36
"VJ Beachem",22.3752283105023,"2016-17",33,5.1,11.7,2.8,5.6,2.3,6.1,2.1,2.7,3.9,1.3,1.1,0.9,1.3,1,14.6,5.49,14.2,2.97,6.7,2.52,7.4,2.34,3.3,4.32,1.44,1.17,0.99,1.44,1.08,17.7,9,20.9,0.433,4.9,9.9,0.494,4.1,10.9,0.378,3.8,4.8,0.791,7,2.3,1.9,1.6,2.3,1.8,26,112.7,100.9,528,17.9,0.562,0.532,0.524,0.23,198,1.6,11.4,6.8,7,1.9,3,9.2,22.1,1.1,0.8,1.9,0.144,3.2,1.6,4.8,16
"Keita Bates-Diop",21.3533105022831,"2014-15",9.9,1.3,2.8,0.8,1.6,0.5,1.2,0.6,0.8,2.1,0.5,0.3,0.6,0.4,0.7,3.8,4.86,11.4,2.88,6.6,1.98,4.8,2.07,3.4,7.47,1.89,1.17,2.07,1.44,2.61,15.3,8.2,17.2,0.473,4.8,10,0.481,3.3,7.2,0.462,3.5,5.2,0.679,12.6,3.2,2,3.5,2.4,4.4,23.2,119.7,91.8,327,21.6,0.588,0.57,0.419,0.301,115,4.9,18.9,12.2,9.5,2,6.7,10.9,18.9,0.8,0.7,1.6,0.193,3.5,4.9,8.4,33
"Keita Bates-Diop",21.3533105022831,"2015-16",31.5,4.3,9.4,3.2,6.1,1.1,3.4,2.1,2.7,6.4,1.1,0.7,1.2,1.4,1.8,11.8,4.86,12,3.6,7.7,1.26,4.3,2.43,3.4,7.29,1.26,0.81,1.44,1.53,2.07,14.9,8,17.7,0.453,6,11.4,0.525,2,6.3,0.324,4,5.1,0.787,11.9,2,1.4,2.3,2.6,3.5,22.1,111.5,98.8,1040,18.1,0.549,0.511,0.357,0.286,363,5.1,16.5,11,7.2,1.4,4.3,11.3,19.5,1.9,1.8,3.7,0.141,2.3,3.6,6,33
"Keita Bates-Diop",21.3533105022831,"2016-17",23.3,4.1,8.2,3.8,6.6,0.3,1.7,1.1,1.6,5.2,1.3,0.2,1.3,1.6,1.4,9.7,6.3,14.1,5.85,11.2,0.54,2.9,1.71,2.7,8.1,2.07,0.36,2.07,2.43,2.25,16.6,10.1,20.2,0.5,9.3,16.1,0.576,0.8,4.1,0.2,2.7,3.8,0.714,12.8,3.3,0.5,3.3,3.8,3.6,23.8,103.8,93.3,210,18.3,0.539,0.52,0.203,0.189,82,6.6,16.8,12.1,11.4,0.5,6.4,14.8,22.5,0.3,0.5,0.8,0.143,0.3,4.5,4.8,9
"Shake Milton",20.3205479452055,"2015-16",32.7,3.8,7.9,2,3.8,1.7,4.1,1.2,1.7,3,2.7,0.8,0.3,1.5,1.4,10.5,4.14,9.7,2.25,4.7,1.89,5,1.35,2.1,3.24,2.97,0.9,0.27,1.71,1.62,12.9,7,14.6,0.477,3.8,7.1,0.53,3.2,7.5,0.426,2.3,3.2,0.725,5.5,5.1,1.5,0.5,2.8,2.7,19.5,120.8,101.4,980,14.6,0.603,0.586,0.515,0.215,291,1.1,8.9,5.3,14,1.5,1,15,15.8,2.1,1.5,3.5,0.144,4.5,1.2,5.7,30
"Shake Milton",20.3205479452055,"2016-17",34.2,3.8,9.5,1.8,4.3,2,5.2,2.3,2.8,4,4.1,1.3,0.4,1.9,1.5,11.9,4.05,11.1,1.89,5,2.07,6.1,2.43,3.3,4.23,4.23,1.35,0.36,1.98,1.62,14,7,17.4,0.401,3.3,7.8,0.425,3.6,9.6,0.382,4.2,5.2,0.813,7.3,7.4,2.4,0.6,3.4,2.8,21.8,119.5,93.9,582,17.2,0.549,0.506,0.549,0.296,206,1.5,11.6,6.8,22.5,2.4,1.3,14.8,19.3,1.5,1.3,2.8,0.191,4.1,2.2,6.3,17
"Kobi Simmons",19.0904109589041,"2016-17",30.1,3.9,9.2,3,6.4,0.9,2.8,2.9,3.7,2.1,2.2,1.1,0,1.8,2.4,11.7,4.68,12.3,3.6,8.5,1.17,3.8,3.42,4.9,2.52,2.7,1.26,0,2.16,2.79,15.5,7.8,18.2,0.427,5.9,12.6,0.468,1.9,5.6,0.333,5.7,7.3,0.778,4.2,4.4,2.1,0,3.6,4.6,23,107.2,95.2,512,13.8,0.532,0.478,0.306,0.401,189,1.3,6.4,4.1,14.5,2.1,0,14.2,22,0.8,1.1,1.9,0.148,2,1.9,3.9,17
"Frank Jackson",19.0767123287671,"2016-17",26.3,4.3,9,2.7,4.9,1.6,4.1,2.1,2.6,2.2,1.5,0.7,0,1.3,2.6,12.2,5.85,13.7,3.69,7.5,2.16,6.2,2.79,3.9,2.97,2.07,0.99,0,1.71,3.51,18.5,9,19,0.474,5.6,10.4,0.541,3.4,8.6,0.393,4.4,5.5,0.795,4.7,3.2,1.6,0,2.7,5.5,25.8,121.8,96.7,395,17.2,0.596,0.563,0.452,0.289,168,3.5,5.6,4.6,10.1,1.6,0,11,20.9,1.1,0.8,1.9,0.194,4.9,0.5,5.4,15
"Nigel Hayes",22.5425799086758,"2013-14",17.4,2.6,5.1,2.6,5.1,0,0,2.5,4.3,2.8,0.9,0.8,0.5,1.2,2.6,7.7,5.31,11.6,5.31,11.6,0,0,5.22,9.9,5.76,1.98,1.71,1.08,2.43,5.4,17.6,9.3,18.3,0.51,9.3,18.3,0.51,0,0,NA,9.1,15.6,0.585,10.1,3.4,3,1.9,4.3,9.4,27.8,106.9,98.5,663,19.6,0.541,0.51,0,0.854,287,6.5,12.9,9.8,11.8,3,2.9,14.3,26.5,1.2,1.2,2.4,0.146,1.1,3.9,5,38
"Nigel Hayes",22.5425799086758,"2014-15",33,4.2,8.4,3.2,5.8,1,2.5,3.1,4.2,6.2,2,0.9,0.4,1.3,1.9,12.4,4.5,10.1,3.42,7.1,1.08,3.1,3.42,5.1,6.75,2.16,0.9,0.45,1.35,2.07,15.1,8.5,17,0.497,6.4,11.9,0.541,2,5.2,0.396,6.4,8.6,0.744,12.6,4,1.7,0.8,2.6,3.9,25.3,127.7,98.3,1319,23.1,0.601,0.557,0.302,0.503,510,8.7,15.8,12.3,11.9,1.7,1.3,11,20.4,4.9,2.2,7.1,0.216,7.6,3.6,11.2,40
"Nigel Hayes",22.5425799086758,"2015-16",36.2,4.6,12.5,3.5,8.7,1.1,3.8,5.4,7.4,5.8,3,1.1,0.4,2.3,2,15.7,4.59,13.8,3.51,9.6,1.08,4.2,5.4,8.1,5.76,2.97,1.08,0.36,2.25,1.98,17.4,7.9,21.6,0.368,6,15,0.4,1.9,6.5,0.293,9.4,12.7,0.736,10,5.1,1.9,0.7,3.9,3.5,27.1,107,101.1,1267,18.6,0.491,0.412,0.304,0.589,565,6.4,13.1,9.7,18.2,1.9,1.2,12.4,26.9,2.5,1.9,4.4,0.14,3,2.9,6,35
"Nigel Hayes",22.5425799086758,"2016-17",29.6,4.5,9.7,3.7,7.3,0.8,2.4,3.7,5.7,5.5,3.2,1,0.4,1.8,1.5,13.5,5.49,13.1,4.5,9.8,0.99,3.3,4.5,7.7,6.66,3.87,1.26,0.54,2.16,1.8,18.2,9.2,19.8,0.465,7.6,14.8,0.509,1.7,5,0.333,7.6,11.6,0.648,11.3,6.5,2,0.9,3.6,3.1,27.6,118.5,92.6,474,22.5,0.545,0.506,0.252,0.587,222,6.5,15.6,11.2,19.8,2,1.6,12.4,24.5,1.5,1.1,2.6,0.221,4.1,3.8,7.9,16
"Chris Boucher",24.3861872146119,"2015-16",25.8,4.2,7.8,3.2,4.7,1,3,2.7,3.9,7.4,0.4,0.8,2.9,1.1,2.7,12.1,5.85,12,4.41,7.3,1.44,4.7,3.78,6.1,10.26,0.54,1.08,4.05,1.62,3.78,18.7,9.3,17.3,0.539,7,10.5,0.667,2.3,6.7,0.339,6,8.7,0.685,16.4,0.9,1.8,6.4,2.5,6,26.9,128.5,93.5,981,27.9,0.627,0.605,0.39,0.505,432,12.5,20.3,16.5,2.9,1.8,11.8,10.5,20.6,3.4,2.2,5.6,0.23,5.5,6,11.5,38
"Chris Boucher",24.3861872146119,"2016-17",25.3,5.4,9.3,4.2,6,1.2,3.3,2.1,3.4,7.3,0.7,0.5,2.9,1.1,2.5,14.1,7.65,14.7,5.94,9.5,1.71,5.2,2.97,5.4,10.35,0.99,0.72,4.14,1.53,3.6,22.3,12.1,20.8,0.583,9.4,13.5,0.7,2.7,7.3,0.367,4.6,7.6,0.608,16.3,1.5,1.2,6.6,2.4,5.7,31.6,129.4,86.1,379,30.4,0.646,0.647,0.353,0.367,181,11.2,20.6,16.1,5.3,1.2,12.6,8.9,23,1.5,1.1,2.6,0.273,5.7,7.1,12.8,15
"Kyle Kuzma",21.1452054794521,"2014-15",8.1,1.2,2.5,0.8,1.5,0.4,1.1,0.6,1.2,1.8,0.6,0,0.2,0.6,1,3.3,5.13,12.5,3.6,7.1,1.53,5.4,2.88,5.7,7.83,2.7,0.18,0.72,2.61,4.59,16.3,9.1,20,0.456,6.3,11.4,0.556,2.8,8.6,0.324,5.1,9.1,0.556,13.9,4.8,0.3,1.3,4.6,8.1,26.1,104.9,92.9,252,16.5,0.536,0.525,0.43,0.456,100,5.5,20.5,13.7,16.3,0.3,2.2,15.8,25.2,0.4,0.5,1,0.157,1.8,2.3,4.1,31
"Kyle Kuzma",21.1452054794521,"2015-16",24.1,4.3,8.2,3.9,6.8,0.4,1.4,1.8,3,5.7,1.4,0.3,0.4,2,2,10.8,6.39,13.6,5.85,11.3,0.54,2.4,2.7,5,8.55,2.16,0.54,0.63,2.97,3.06,17.9,10.5,20.1,0.522,9.6,16.6,0.578,0.9,3.5,0.255,4.5,7.4,0.611,14,3.5,0.8,1.1,4.8,5,26.4,106.1,103.2,867,18.4,0.559,0.544,0.173,0.366,379,9.4,17.6,13.8,12,0.8,1.8,17,25,1.5,1.2,2.6,0.122,1.4,1.5,2.8,36
"Kyle Kuzma",21.1452054794521,"2016-17",29.4,5.5,11.7,4.8,8.6,0.8,3.1,2.9,4.5,9.4,2.8,0.7,0.5,2.3,1.4,14.8,6.75,15.9,5.85,11.7,0.9,4.2,3.6,6.2,11.52,3.42,0.81,0.63,2.79,1.71,20.1,10.4,22,0.474,9,16.2,0.554,1.4,5.8,0.25,5.5,8.5,0.644,17.7,5.2,1.3,1,4.3,2.6,27.8,110.4,90.7,382,22.8,0.533,0.507,0.263,0.388,201,11.2,23.8,18,17.3,1.3,1.8,14.3,26.6,0.9,1,1.9,0.199,2.5,1.6,4,13
"LJ Peak",21.3259132420091,"2014-15",25.3,2.8,7,2.2,4.9,0.5,2.1,1.8,2.6,2.3,1,0.8,0.4,1.3,2,7.9,3.96,11.1,3.15,7.8,0.72,3.3,2.61,4.2,3.24,1.35,1.17,0.54,1.89,2.88,12.5,6.8,17.2,0.394,5.5,12,0.457,1.3,5.1,0.246,4.5,6.5,0.701,5.6,2.4,2.1,0.9,3.3,5,19.3,97.7,104.9,834,11.1,0.477,0.431,0.299,0.377,246,3.6,7.2,5.5,7.9,2.1,1.7,13.9,20.1,0.6,0.9,1.4,0.069,-0.1,1.3,1.2,33
"LJ Peak",21.3259132420091,"2015-16",25,4.1,8.4,3,5.6,1.2,2.8,2.9,3.8,3.3,1.7,0.8,0.6,1.7,3.5,12.3,5.94,13.4,4.32,8.9,1.62,4.5,4.14,6.1,4.68,2.43,1.08,0.9,2.52,5.04,19.7,9.6,19.5,0.491,6.9,12.9,0.533,2.7,6.5,0.409,6.7,8.8,0.76,7.6,3.9,1.8,1.5,4,8.2,28.5,113.2,105,824,18.9,0.602,0.56,0.336,0.451,367,3.3,11.4,7.5,15.1,1.8,2.7,14.5,24.2,2,1,2.9,0.142,3.8,1.5,5.3,33
"LJ Peak",21.3259132420091,"2016-17",33.2,4.8,10.5,3.7,7.4,1.1,3.1,5.1,6.1,4.2,3.1,1.1,0.6,2.6,2.5,15.8,5.22,12.7,4.05,8.9,1.17,3.8,5.49,7.3,4.5,3.42,1.17,0.63,2.88,2.7,19,8.1,17.6,0.458,6.2,12.4,0.5,1.9,5.2,0.358,8.5,10.2,0.835,7,5.2,1.9,1,4.4,4.1,26.5,114.6,102.2,565,19.1,0.59,0.511,0.296,0.575,266,4.5,9,6.9,19,1.9,1.8,16.5,23.7,1.5,0.8,2.3,0.161,4.2,1.8,5.9,17
"Chimezie Metu",20.1945205479452,"2015-16",18.5,2.6,5,2.6,5,0,0,1.2,2.4,3.6,0.5,0.6,1.6,1.1,2.5,6.4,5.13,10.9,5.13,10.8,0,0.1,2.34,5.1,7.02,0.99,1.08,3.06,2.07,4.86,13.9,7.8,15,0.52,7.8,14.9,0.524,0,0.1,0,3.6,7,0.513,10.8,1.6,1.7,4.7,3.2,7.5,19.2,104.7,101.2,628,16.7,0.524,0.52,0.006,0.468,217,9.5,11.1,10.3,5,1.7,8.2,14.7,18.5,0.7,1,1.7,0.107,0,5.5,5.5,34
"Chimezie Metu",20.1945205479452,"2016-17",31.5,5.1,9.6,5.1,9.6,0,0.1,3.2,4.2,8.1,1.4,0.9,1.8,2.2,2.6,13.4,5.76,12.2,5.76,12.2,0,0.1,3.69,5.3,9.18,1.62,1.08,2.07,2.52,2.97,16.9,9,17.1,0.524,9,17,0.528,0,0.1,0,5.8,7.4,0.775,14.3,2.5,1.7,3.2,3.9,4.6,23.7,111.2,95.5,536,20.6,0.574,0.524,0.006,0.433,218,7.2,19.4,13.6,8.6,1.7,5.8,15.8,21.3,1.1,1.1,2.2,0.162,0.4,3.8,4.2,17
"Luke Kornet",21.1205479452055,"2013-14",15.4,1.5,4.4,0.8,1.4,0.7,3,0.3,0.5,2.3,0.8,0.3,0.6,0.7,1.1,4,3.51,11.4,1.89,3.6,1.62,7.7,0.63,1.3,5.31,1.8,0.72,1.35,1.62,2.7,10.3,6.1,17.7,0.344,3.2,5.7,0.571,2.8,12,0.236,1.1,2,0.533,9.2,3.1,1.2,2.3,2.8,4.6,16,90.2,102.8,461,9.7,0.431,0.424,0.679,0.115,118,5.1,11.4,8.4,11,1.2,3.9,13.2,18.6,-0.1,0.7,0.6,0.052,-1.1,2.1,1,30
"Luke Kornet",21.1205479452055,"2014-15",21.6,3,6.1,1.6,2.5,1.4,3.6,1.2,1.6,3.4,1.1,0.2,1.1,1.2,1.9,8.7,5.04,11.3,2.7,4.7,2.34,6.6,1.98,2.9,5.67,1.8,0.36,1.8,1.98,3.15,16.1,8.8,17.8,0.495,4.7,7.4,0.629,4.2,10.4,0.4,3.5,4.6,0.764,10,3.1,0.6,3.2,3.4,5.6,25.3,118,102,756,19.5,0.633,0.612,0.584,0.257,267,5.7,13.2,9.8,10.9,0.6,5.5,14.6,20.4,1.9,1,2.9,0.155,5.5,1.7,7.2,35
"Luke Kornet",21.1205479452055,"2015-16",27.4,3.1,7.7,2.2,4.4,0.9,3.3,1.8,2.5,7.3,1.5,0.5,3,1.1,2.4,8.9,4.05,11.3,2.88,6.4,1.26,4.9,2.34,3.7,9.54,1.89,0.63,3.96,1.44,3.15,13,6.6,16.3,0.403,4.6,9.3,0.496,2,7,0.28,3.7,5.4,0.69,15.4,3.1,1.1,6.3,2.3,5.1,18.8,107.1,91.2,767,19.1,0.499,0.463,0.431,0.329,260,7.5,19.7,14.1,10.1,1.1,10.3,11,18.6,1.1,1.9,2.9,0.153,1.6,8.6,10.3,28
"Luke Kornet",21.1205479452055,"2016-17",29.1,3.9,10.3,2.7,6.9,1.1,3.5,3.9,4.7,6.3,1.3,0.5,2.1,1.7,2.3,12.7,4.77,14.2,3.42,9.4,1.44,4.8,4.77,6.4,7.74,1.62,0.63,2.61,2.07,2.79,17.5,7.8,21,0.374,5.5,13.9,0.398,2.3,7,0.327,7.8,9.5,0.829,12.7,2.7,1.1,4.3,3.4,4.6,25.8,107,99.1,436,19.4,0.507,0.429,0.335,0.452,190,8.4,16.1,12.4,10,1.1,8.1,11.7,25.3,0.8,0.8,1.6,0.143,1,4.3,5.2,15
"Malcolm Hill",21.4027397260274,"2013-14",14.1,1.3,3.4,0.9,2.2,0.4,1.3,1.3,1.7,2.4,0.7,0.3,0.1,0.9,1,4.4,3.33,9.7,2.25,6.1,1.08,3.6,3.42,4.9,6.21,1.71,0.72,0.27,2.16,2.43,12.4,5.9,15.4,0.383,4,9.8,0.408,1.9,5.7,0.341,6.1,7.9,0.77,10.9,3,1.3,0.5,3.9,4.4,19.8,102.4,101.8,495,13.2,0.517,0.446,0.367,0.508,153,5,15.9,10.3,9.8,1.3,1,16.8,19.6,0.5,0.8,1.2,0.099,-0.1,1.8,1.7,35
"Malcolm Hill",21.4027397260274,"2014-15",30.6,4.7,10.7,3.5,7.4,1.3,3.3,3.7,4.7,4.8,1.3,0.8,0.2,1.5,2.1,14.4,5.58,13.9,4.05,9.7,1.53,4.3,4.32,6.1,5.67,1.53,0.99,0.27,1.71,2.43,18.8,9.5,21.4,0.443,6.9,14.9,0.467,2.6,6.6,0.389,7.4,9.4,0.781,9.7,2.7,1.7,0.4,3,4.1,28.9,115.7,101.1,1010,21.1,0.558,0.503,0.307,0.44,448,6.9,11.9,9.3,10,1.7,0.8,10.3,24.9,3,1.4,4.4,0.173,5.1,1.2,6.3,33
"Malcolm Hill",21.4027397260274,"2015-16",35.1,5.6,12.9,4.6,9.5,1.1,3.5,5.7,6.9,6.6,3.3,1.2,0.4,2.2,2.6,18.1,5.76,14.7,4.68,10.8,1.08,3.9,5.85,7.9,6.75,3.33,1.26,0.45,2.25,2.61,20.6,9.4,21.5,0.436,7.6,15.7,0.481,1.8,5.8,0.314,9.4,11.5,0.821,10.9,5.5,2.1,0.7,3.7,4.3,30,112.1,105.5,1195,22.5,0.557,0.478,0.268,0.534,617,4.2,18.5,11.1,20.5,2.1,1.4,12,27.7,3.2,1.3,4.5,0.152,4.6,2.3,6.8,34
"Malcolm Hill",21.4027397260274,"2016-17",32.2,5.6,12.6,3.6,7.7,1.9,4.9,5.8,7.3,6.2,2.3,0.9,0.4,1.9,2.1,18.8,6.21,15.6,4.05,9.6,2.16,6.1,6.39,9,6.93,2.52,0.99,0.45,2.07,2.34,23.4,9.6,21.8,0.443,6.3,13.3,0.472,3.4,8.5,0.397,10,12.6,0.793,10.7,3.9,1.5,0.7,3.3,3.6,32.6,122,101.4,515,24.2,0.588,0.52,0.388,0.577,285,4.6,17.3,11.1,13.9,1.5,1.3,10.5,27.1,1.9,0.8,2.7,0.211,6.1,1.7,7.9,16
"Dillon Brooks",21.3560502283105,"2014-15",28.3,4.2,9.1,3.4,6.8,0.8,2.3,2.4,2.9,4.9,1.8,0.5,0.6,2,3.1,11.5,5.31,12.9,4.32,9.6,0.99,3.3,2.97,4,6.21,2.25,0.63,0.72,2.61,3.96,16.2,8.6,19,0.456,7,14.2,0.496,1.6,4.8,0.337,4.9,5.9,0.825,10.1,3.7,1,1.2,4.2,6.4,23.8,107.9,106.3,1020,16.5,0.546,0.498,0.252,0.313,413,7.4,12.1,9.9,12,1,2,16.2,22.6,2,0.9,2.9,0.113,2.3,0.6,2.9,36
"Dillon Brooks",21.3560502283105,"2015-16",32.8,6.1,12.9,4.8,9.2,1.3,3.7,3.3,4.1,5.4,3.1,1.1,0.4,2.3,2.9,16.7,6.66,15.8,5.31,11.2,1.35,4.6,3.6,5,5.94,3.42,1.17,0.45,2.61,3.24,20.4,10.6,22.7,0.47,8.4,16.1,0.523,2.2,6.5,0.338,5.8,7.1,0.806,9.5,5.5,1.8,0.7,4.1,5.2,29.3,116.1,102.6,1247,21.7,0.561,0.518,0.289,0.315,636,7.3,11.7,9.5,19.2,1.8,1.3,13.6,25.9,3.7,1.7,5.5,0.175,5.8,1.6,7.3,38
"Dillon Brooks",21.3560502283105,"2016-17",20.7,5,10.4,4,7.6,1,2.8,2.8,3.8,2.6,3,1.2,0.4,2.1,2.6,13.8,8.73,20,6.93,14.6,1.71,5.4,4.86,7.3,4.5,5.22,2.07,0.63,3.69,4.5,26.6,13.7,28.3,0.483,10.9,20.7,0.528,2.7,7.6,0.359,7.6,10.4,0.736,7,8.2,3.3,1,5.9,7,37.7,113.1,92.3,290,25.9,0.567,0.531,0.269,0.366,185,5.3,8.5,7,31,3.3,1.9,15,33.5,1,0.7,1.7,0.231,6.1,2.6,8.7,14
"DJ Hogg",20.2575342465753,"2015-16",18.2,2.2,5.7,0.9,2,1.2,3.8,0.6,0.9,2.9,0.9,0.5,0.1,0.6,1.2,6.2,4.32,12.6,1.89,4.3,2.43,8.3,1.17,2,5.67,1.89,1.08,0.27,1.26,2.34,13.7,7,18.3,0.382,3,6.3,0.479,4,12,0.331,1.9,2.9,0.647,9.2,3,1.7,0.4,2.1,3.8,19.9,108.1,98.1,673,13.4,0.504,0.491,0.656,0.16,212,4.5,12.6,8.6,9.6,1.7,0.9,9.5,18.4,0.9,1.2,2.1,0.127,2.9,2.8,5.8,37
"DJ Hogg",20.2575342465753,"2016-17",29.9,5,11.4,2.4,5.2,2.6,6.1,0.7,1.4,4.9,3.5,0.8,1,2.8,1.9,13.4,6.03,15.2,2.88,7,3.15,8.2,0.9,1.9,5.94,4.23,0.99,1.17,3.33,2.34,17.9,10,22.8,0.44,4.7,10.5,0.452,5.3,12.3,0.43,1.4,2.9,0.5,9.9,7,1.6,2,5.6,3.9,26.8,106.7,103.2,418,18.5,0.555,0.557,0.541,0.126,177,4.7,13.1,9.1,22.8,1.6,3.6,18.8,24.6,0.7,0.6,1.3,0.125,3.7,1.5,5.2,14
"Jordan Bell",22.3971461187215,"2014-15",23.7,2.4,4,2.4,4,0,0,0.3,0.6,6.1,1.3,0.8,2.7,1.1,2.7,5.1,3.6,6.7,3.6,6.7,0,0,0.45,1.1,9.27,2.07,1.17,4.05,1.62,4.14,8.5,5.9,9.8,0.597,5.9,9.8,0.597,0,0,NA,0.8,1.6,0.5,15.1,3.3,2,6.7,2.6,6.7,12.5,116,95.8,831,19.2,0.592,0.597,0,0.158,205,9.6,19.3,14.7,9.8,2,11.5,19.8,11.5,1.3,1.6,2.9,0.139,1.6,9.3,11,35
"Jordan Bell",22.3971461187215,"2015-16",20.5,2.9,5.1,2.9,5,0,0.1,0.9,1.7,5.3,1.2,1.1,1.7,1.6,2.5,6.8,5.13,9.9,5.13,9.8,0,0.1,1.62,3.4,9.27,2.16,1.89,2.97,2.79,4.41,13.2,8.2,14.3,0.576,8.2,14.1,0.583,0,0.2,0,2.5,4.9,0.519,14.7,3.4,3.1,4.7,4.5,7,19,104.8,91.9,636,20,0.572,0.576,0.013,0.342,215,8.6,20.7,14.8,11.1,3.1,8.6,21.4,18.1,0.8,1.5,2.3,0.143,1,8.4,9.4,31
"Jordan Bell",22.3971461187215,"2016-17",26.6,4.1,6.8,3.9,6.2,0.2,0.5,2.1,2.9,7.9,1.5,1,2.1,2.4,2.1,10.4,5.49,10.2,5.22,9.4,0.27,0.8,2.88,4.4,10.71,1.98,1.35,2.79,3.15,2.79,15.7,8.7,14.4,0.6,8.3,13.3,0.623,0.4,1.1,0.333,4.5,6.3,0.72,16.9,3.1,2.1,4.4,5,4.4,22.2,113.1,85.8,452,22.9,0.638,0.613,0.078,0.435,175,11.2,21.8,16.8,10,2.1,8.4,22.4,19.2,0.9,1.4,2.3,0.202,2.2,8.3,10.4,17
